fecha,hora,latitude,longitude,depth,mag
1552-07-02,10:30:00.000,-16.6,-71.3,30,7.6
1555-11-15,00:00:00.000,-11.9,-77.6,30,8.4
1568-04-04,00:00:00.000,-12.3,-77.7,30,6.6
1582-01-22,16:30:00.000,-16.6,-71.6,30,8.2
1582-08-15,00:00:00.000,-12.2,-77.6,30,7.8
1584-03-17,00:00:00.000,-11.8,-77.8,30,8.4
1586-07-10,00:30:00.000,-12.109,-77.028,40,8.6
1600-02-19,10:00:00.000,-16.77,-70.9,20,7.9
1600-02-28,20:00:00.000,-16.6,-70.8,20,8.1
1604-11-24,18:30:00.000,-17.88,-70.94,30,9.4
1606-03-23,20:00:00.000,-7,-80.3,40,6.5
1606-10-25,13:00:00.000,-11.8,-77.8,60,6.8
1609-10-20,01:00:00.000,-11.9,-77.4,40,8.6
1615-09-16,00:00:00.000,-18.25,-71,40,8.8
1619-02-14,16:30:00.000,-7.941,-79.038,40,8.6
1630-11-27,15:30:00.000,-12.2,-77.5,30,7.5
1650-03-31,16:10:00.000,-13.6,-72.2,70,7.4
1650-03-31,19:00:00.000,-13.5,-71.7,30,7.2
1655-11-13,19:45:00.000,-12.3,-77.6,30,8.8
1658-02-14,00:00:00.000,-8.2,-80.1,40,7.7
1664-05-12,09:15:00.000,-14.1,-75.85,15,7.3
1678-06-16,01:45:00.000,-12.3,-77.8,40,7.7
1687-10-20,09:15:00.000,-12.55,-77,40,5.9
1687-10-20,10:30:00.000,-13.231,-76.507,30,8.2
1687-10-21,12:00:00.000,-16.4,-71.6,60,7.2
1690-11-20,19:30:00.000,-12.55,-77,40,7.2
1696-07-14,09:00:00.000,-12.8,-77.7,20,6.7
1697-09-29,13:30:00.000,-12.3,-77.4,30,7.3
1699-07-14,09:00:00.000,-11.8,-77.5,40,7.8
1700-08-02,21:00:00.000,-13.9,-72.1,10,4.1
1707-09-18,05:00:00.000,-13.9,-72.1,10,4.4
1709-05-23,07:00:00.000,-12.6,-77.5,60,4.6
1709-12-20,10:00:00.000,-12.3,-77.3,60,6.3
1719-06-17,00:00:00.000,-13.2,-74.4,20,4.6
1732-12-02,06:00:00.000,-11.8,-77.6,50,6.9
1741-08-25,00:00:00.000,-3.1,-78.1,0,6.8
1744-11-19,11:30:00.000,-13.77,-72.1,20,4.8
1746-02-11,00:00:00.000,-14,-71.7,20,4.9
1746-10-29,03:30:00.000,-11.996,-77.198,30,8.4
1747-03-14,18:30:00.000,-8.58,-78.1,20,4.9
1747-03-19,00:00:00.000,-13.9,-70.35,20,6.2
1749-01-20,00:00:00.000,-4,-79.3,0,7.4
1759-09-03,04:15:00.000,-8.134,-79.932,50,5.9
1777-01-26,08:00:00.000,-11.8,-77.4,50,5.3
1784-05-13,12:36:00.000,-16.5,-72,27,8.4
1794-09-07,00:00:00.000,-12.2,-77.4,40,4.9
1799-01-21,21:00:00.000,-12.2,-77.4,40,4.9
1812-01-03,16:45:00.000,-16.8,-71.8,25,4.8
1821-07-10,13:00:00.000,-16.107,-72.967,90,8.2
1821-07-10,18:10:00.000,-16.4,-71.6,0,7.9
1833-09-18,10:45:00.000,-18.251,-71.01,60,7.7
1839-07-05,00:30:00.000,-11,-75,20,5.3
1840-01-28,08:00:00.000,-12.3,-77.3,40,4.8
1845-06-04,03:45:00.000,-16.6,-71.6,30,4.7
1861-04-13,22:30:00.000,-13.803,-73.419,20,4.5
1868-08-13,21:23:00.000,-16.4,-71.56,0,8.8
1868-08-13,21:46:00.000,-18.29,-70.59,25,8.6
1869-08-24,18:45:00.000,-17.5,-72,30,8.4
1869-11-04,00:30:00.000,-16.6,-71.65,30,4.9
1875-12-06,02:30:00.000,-13.4,-72.7,20,4.9
1877-05-17,00:00:00.000,-16,-68,20,5.2
1878-01-23,00:00:00.000,-20.05,-77,40,7.9
1891-08-15,11:03:00.000,-15.5,-68.5,5,6.2
1897-09-20,16:25:00.000,-11.913,-76.791,70,7.7
1901-11-21,19:19:00.000,-14.177,-76.32,80,6.7
1902-01-02,14:08:00.000,-9,-78.4,80,6.8
1904-05-04,16:00:00.000,-4,-79.2,0,6.8
1905-01-23,11:15:00.000,-13.67,-71.87,7,4.1
1906-09-28,15:24:54.000,-6.172,-77.494,150,7.9
1907-11-17,10:15:00.000,-4,-79.2,0,6.2
1913-02-24,02:30:00.000,-3.42,-79.61,50,7.7
1913-07-28,06:40:00.000,-16.6,-73.3,30,7
1913-08-06,22:14:24.000,-15.8,-73.5,80,7.8
1914-12-02,23:55:00.000,-15.242,-73.346,15,4.3
1915-12-27,15:48:00.000,-15.2,-75,70,6.7
1915-12-28,23:40:00.000,-15.155,-73.93,90,7.3
1916-02-08,15:35:00.000,-12.967,-74.064,120,6.9
1920-10-07,20:54:00.000,-15.133,-74.173,80,7.1
1921-12-18,15:29:35.000,-4.11,-72.04,630,7.9
1922-01-06,14:11:02.000,-16.5,-73,0,7.2
1922-01-17,03:50:33.000,-3.76,-71.89,635,7.6
1922-10-11,14:49:50.000,-16,-72.5,50,7.4
1924-03-11,22:44:23.000,-4,-82,60,6.8
1924-03-16,01:22:36.000,-2,-72,0,6.9
1925-01-05,13:45:46.000,-14,-73.5,200,6.5
1925-09-12,09:26:00.000,-8,-75,0,6.9
1925-10-25,04:30:00.000,-18,-73,0,6.9
1926-03-07,20:32:30.000,-9.5,-84,0,6.8
1926-03-07,20:33:38.000,-5.27,-77.45,93,6.5
1926-03-11,10:41:54.000,-12.52,-77.073,80,7.2
1926-06-05,01:20:15.000,-17,-78.5,0,6.8
1926-07-01,20:29:30.000,-5,-81.5,0,6.8
1926-07-14,01:38:40.000,-2.5,-71,0,6.8
1927-03-13,05:32:26.000,-6,-81.5,0,6
1927-04-06,18:54:05.000,-10,-70,600,6
1928-04-09,17:34:15.000,-13,-69.5,30,6.9
1928-04-27,20:34:58.000,-13,-69.5,259,6.8
1928-05-14,22:14:46.000,-5.194,-78.335,30,7.3
1928-07-18,19:05:00.000,-5.454,-77.873,70,7
1928-09-21,13:27:05.000,-15,-70.5,250,6.8
1929-05-25,11:59:38.000,-8.5,-75.5,150,6.8
1930-08-04,05:04:31.000,-9.5,-70.5,650,6.5
1930-11-24,06:06:48.000,-3.44,-77.51,135,6.3
1931-04-03,01:56:11.000,-9.25,-79,0,6.3
1931-06-15,11:19:55.000,-14.5,-75.5,0,6
1931-06-18,14:35:00.000,-14.139,-71.36,15,4
1931-07-11,05:56:13.000,-8.5,-74.5,120,6.3
1932-01-20,02:30:50.000,-11.881,-77.734,40,6.7
1932-06-25,02:31:41.000,-6.5,-81.5,0,6.4
1932-09-05,06:23:50.000,-6,-81,50,6
1932-12-09,08:34:55.000,-15.379,-74.348,90,6.5
1933-07-23,04:13:11.000,-15.75,-75.25,80,6
1933-07-31,15:23:07.000,-15.5,-75.5,80,6
1933-08-06,02:54:52.000,-13.151,-76.526,60,6.5
1933-08-20,22:59:16.000,-13,-80,0,5.6
1933-08-22,09:49:58.000,-13,-80,0,5.6
1933-08-29,14:52:36.000,-10.9,-69.5,65,6.5
1933-10-01,02:40:42.000,-7,-75.25,120,6.3
1933-10-02,15:29:21.000,-2,-81,0,6.9
1933-10-03,10:21:00.000,-1.75,-80.75,0,6.3
1933-10-03,14:21:49.000,-1.75,-80.75,0,6
1933-12-29,08:17:01.000,-5,-81.5,0,5.2
1934-10-29,23:25:23.000,-5,-78,110,6.3
1934-12-04,17:24:38.000,-19.5,-69.5,11,6.9
1935-03-05,22:35:00.000,-9.82,-77.43,25,4.6
1935-03-09,02:54:37.000,-12,-78,150,5.8
1935-03-26,19:54:47.000,-15.5,-73,120,6
1935-09-19,09:55:47.000,-15.5,-70,250,6.5
1936-05-06,03:38:55.000,-8,-75,160,6
1936-07-04,08:52:35.000,-18,-70,140,6
1936-09-16,17:44:13.000,-16,-72.5,130,5.8
1937-03-28,12:21:42.000,-13.5,-75,120,5.5
1937-03-29,07:49:47.000,-15.5,-71,120,6.8
1937-04-08,00:00:00.000,-7.729,-77.981,20,4.4
1937-04-17,00:00:00.000,-7.73,-77.98,10,3.9
1937-06-21,15:13:04.000,-8.268,-79.233,60,6.8
1937-06-22,05:34:03.000,-9,-79,150,5.8
1937-06-24,14:57:18.000,-7.8,-80.3,0,5.4
1937-07-09,17:27:40.000,-16,-72,180,6
1937-10-02,16:22:24.000,-14.7,-69.9,0,4.7
1937-10-15,03:41:15.000,-13.5,-77,90,5.3
1937-11-03,00:00:00.000,-15.5,-68.5,20,4.5
1937-11-07,09:08:43.000,-10,-73.5,120,5.5
1937-12-24,06:20:40.000,-10.55,-75.63,25,6.2
1938-01-16,21:41:47.000,-6,-75,100,6
1938-09-09,17:27:12.000,-7.2,-80.3,0,5.8
1939-04-25,12:53:37.000,-12.87,-76.42,80,6.3
1939-06-24,04:22:24.000,-14.148,-71.635,20,6.3
1939-09-13,18:03:30.000,-18.5,-70.5,130,5.8
1939-09-20,06:53:12.000,-11.5,-75.5,60,6
1939-11-18,07:42:15.000,-15,-75.5,0,5.6
1939-11-26,06:26:18.000,-8.5,-77.5,130,5.5
1939-12-13,18:45:24.000,-17,-74,100,5.5
1940-01-30,11:56:55.000,-11.5,-77,50,5.6
1940-05-04,16:44:30.000,-6.5,-81,0,5.6
1940-05-05,02:03:42.000,-7,-80,0,6
1940-05-24,16:33:57.000,-11.22,-77.79,50,8
1940-08-04,16:07:05.000,-14,-74,120,5.5
1940-08-26,02:27:59.000,-11.5,-75,110,6
1940-10-05,04:46:36.000,-17.8,-70.4,0,4.7
1940-10-06,15:35:42.000,-17.8,-70.4,200,4.7
1940-10-12,02:58:54.000,-17.8,-70.4,200,4
1940-10-15,07:54:18.000,-17.8,-70.4,200,4.9
1940-10-23,02:23:15.000,-2,-76,140,6
1941-01-24,05:44:03.000,-3.25,-76.75,120,6.5
1941-05-11,05:08:00.000,-14.486,-74.48,110,6.2
1941-09-18,13:14:09.000,-13.67,-71.96,100,7
1941-10-15,00:07:06.000,-16,-73.5,100,5.6
1941-10-15,09:35:15.000,-15.5,-74,110,6
1942-01-08,15:12:31.000,-6,-78.5,110,6
1942-06-12,10:21:30.000,-2,-76.9,0,6.2
1942-08-24,22:50:27.000,-15.549,-74.742,70,8.1
1942-11-06,13:31:10.000,-6,-77,130,6.8
1943-01-06,09:51:03.000,-5,-80.7,0,0
1943-01-31,05:00:00.000,-14.2,-71.5,25,5
1943-02-16,07:28:35.000,-15,-72,190,7
1943-04-05,03:08:58.000,-6.5,-76,140,6.5
1943-07-05,21:07:54.000,-16,-74,0,6.8
1943-07-06,09:40:00.000,-17,-70,160,5.8
1944-02-01,00:00:00.000,-13.57,-71.96,30,3.7
1944-02-29,03:41:53.000,-14.5,-70.5,200,7
1944-06-08,02:38:04.000,-10,-71,600,6.3
1945-02-06,23:27:49.000,-5,-80.8,0,4.5
1945-02-08,09:40:00.000,-16.5,-71.7,15,3.8
1945-02-09,02:25:00.000,-17.7,-70,30,3.9
1945-02-09,16:10:00.000,-10.8,-78.3,60,4.2
1945-02-10,20:30:00.000,-10.8,-78.3,60,4.7
1945-02-17,13:45:00.000,-10.8,-78.3,60,4.7
1945-02-17,18:35:00.000,-10.8,-78.3,60,4.2
1945-02-27,03:37:00.000,-13,-76.8,40,4.5
1945-03-06,17:10:00.000,-12.7,-77.8,40,4.5
1945-03-14,02:00:00.000,-11.66,-76.32,30,3
1945-03-14,05:45:00.000,-11.5,-78.1,30,4.8
1945-03-15,21:20:00.000,-4.4,-81.6,30,4.5
1945-03-16,08:35:00.000,-13.5,-75.26,25,3.4
1945-03-17,14:15:00.000,-13.5,-75.26,25,3.4
1945-03-18,13:45:00.000,-15.6,-74.8,60,4.3
1945-03-21,23:45:00.000,-12,-77.8,40,4.8
1945-03-27,01:45:00.000,-15.2,-73.1,25,4
1945-03-28,02:15:00.000,-16.5,-71.9,25,3.6
1945-03-29,00:50:00.000,-5,-79.43,30,3.1
1945-03-29,15:30:00.000,-15.9,-73.2,20,3.9
1945-03-30,03:00:00.000,-16.5,-72,25,3.5
1945-04-04,10:10:00.000,-9.6,-75.9,30,3.9
1945-04-06,09:00:00.000,-5.85,-77,30,3.9
1945-04-07,17:56:00.000,-4.4,-81.6,30,4.3
1945-04-11,09:54:00.000,-13.5,-75.26,30,3.5
1945-04-14,06:47:00.000,-17,-71.6,25,4.2
1945-04-15,12:13:00.000,-7.7,-79.6,50,4.5
1945-04-30,03:50:00.000,-16.6,-71.8,30,3.4
1945-05-02,05:55:00.000,-18.2,-69.95,30,3.8
1945-05-02,05:58:00.000,-4.6,-81.6,30,4.9
1945-05-02,09:30:00.000,-5.2,-81.4,30,4.6
1945-05-02,09:45:00.000,-10.6,-75.7,25,4.2
1945-05-06,10:00:00.000,-12,-77.8,40,4.8
1945-05-07,09:30:00.000,-5.3,-80.55,80,4.7
1945-05-11,05:00:00.000,-13.5,-75.26,30,3
1945-05-14,02:30:00.000,-12,-77.8,40,4.3
1945-05-16,13:45:00.000,-4.4,-81.6,30,4.4
1945-05-24,15:30:00.000,-13.5,-75.26,25,3.4
1945-05-30,20:00:00.000,-12,-77.8,40,4.3
1945-05-31,09:55:00.000,-15.06,-74.68,20,3.4
1945-06-01,08:50:00.000,-8.2,-79.2,50,3.8
1945-06-04,10:20:00.000,-15.5,-73,110,5
1945-06-10,02:22:00.000,-13.6,-76.6,50,4.3
1945-06-14,19:05:40.000,-5,-80.8,0,4.5
1945-06-15,11:46:00.000,-11.6,-77.5,60,4
1945-06-15,15:46:00.000,-11.6,-77.5,60,4
1945-06-18,07:00:00.000,-15.6,-74.8,60,4.3
1945-06-20,06:00:00.000,-15.6,-74.8,60,4.3
1945-06-26,05:00:00.000,-15.6,-74.8,60,4.3
1945-07-07,16:25:00.000,-16.5,-72.1,30,3.3
1945-07-10,01:02:00.000,-12,-77.8,50,4.3
1945-07-13,13:28:00.000,-16.5,-72.1,15,3.6
1945-07-14,21:30:00.000,-12,-77.8,40,4.3
1945-07-18,06:32:36.000,-16.608,-72.222,70,4.6
1945-07-21,08:30:00.000,-11.8,-77.6,40,4.6
1945-07-23,10:25:00.000,-17.9,-70.3,30,3.5
1945-07-26,14:20:00.000,-13,-76.2,80,4.7
1945-08-04,00:00:00.000,-5.85,-77,30,4.1
1945-08-07,10:30:00.000,-15.6,-74.8,90,4.2
1945-08-07,20:15:00.000,-13,-76.2,80,4.7
1945-08-10,04:23:00.000,-12.8,-77.4,90,5
1945-08-10,08:47:00.000,-17,-71.1,30,3.7
1945-08-16,18:15:00.000,-12,-77.8,40,4.3
1945-08-19,05:30:26.000,-11,-76,30,4.4
1945-08-20,06:00:00.000,-15.6,-74.8,90,4.7
1945-08-21,16:29:37.000,-11.565,-76.1,150,6.8
1945-08-30,06:25:00.000,-8.6,-79.6,60,4.8
1945-09-05,08:25:00.000,-18.1,-70,30,3.7
1945-09-09,09:30:00.000,-14.5,-76,40,4.2
1945-09-09,12:56:20.000,-15.248,-76.281,40,6.1
1945-09-13,18:00:00.000,-9.6,-78.6,70,4.1
1945-09-16,15:56:00.000,-17,-71.2,30,3.8
1945-09-21,10:34:00.000,-12,-77.8,40,4.3
1945-09-22,13:10:00.000,-5.5,-80.9,50,4
1945-09-23,11:05:00.000,-13,-76.2,80,4.2
1945-09-25,17:45:00.000,-13,-76.2,80,4.7
1945-09-29,04:27:46.000,-6.436,-77.125,20,6.1
1945-09-30,01:43:00.000,-16.5,-72.1,35,3.3
1945-10-01,03:15:00.000,-6.2,-77.3,40,3.8
1945-10-01,05:15:00.000,-6.47,-77.17,40,3.6
1945-10-02,22:43:00.000,-16.2,-71.8,30,3.7
1945-10-05,00:30:00.000,-12,-77.8,40,4.6
1945-10-05,04:15:00.000,-6.47,-77.17,40,4.4
1945-10-05,11:15:00.000,-6.47,-77.17,40,4.1
1945-10-08,04:05:00.000,-12,-77.8,40,4.3
1945-10-17,16:50:00.000,-17,-72.2,60,4.1
1945-10-20,12:00:00.000,-12.1,-77.6,30,4.5
1945-10-21,12:45:00.000,-10.8,-78.2,50,4
1945-10-24,21:15:00.000,-3.5,-80.7,40,3.6
1945-10-28,07:20:00.000,-17,-70.9,35,3.2
1945-10-31,10:23:00.000,-3.5,-80.7,40,4.1
1945-11-06,02:35:00.000,-7.3,-78.5,20,3.3
1945-11-12,15:34:00.000,-14.9,-75.1,90,4.9
1945-11-21,17:00:00.000,-12.5,-76.3,100,5
1945-11-21,18:55:00.000,-13.3,-76.2,90,4.4
1945-11-22,07:07:00.000,-13.6,-76.6,60,4.4
1945-11-26,01:03:58.000,-11,-69,700,6.1
1945-11-27,01:30:00.000,-15.6,-74.8,60,4.3
1945-11-27,15:55:00.000,-13,-76.2,80,4.2
1945-11-28,13:56:00.000,-12,-77.8,40,4.3
1945-11-30,08:40:00.000,-17,-71.2,30,3.8
1945-12-07,02:00:00.000,-13.5,-75.26,25,3.4
1945-12-12,08:25:00.000,-12,-77.8,40,4.3
1945-12-15,01:15:00.000,-13.5,-75.26,30,3
1945-12-15,05:32:00.000,-6.2,-77.3,40,4.1
1945-12-20,07:00:00.000,-16.5,-72.1,15,4.1
1945-12-21,12:56:00.000,-12,-77.8,40,4.3
1945-12-29,01:00:00.000,-10.6,-75.65,30,4.2
1946-01-01,15:25:00.000,-14.9,-75.1,90,4.7
1946-01-05,07:38:00.000,-10.6,-75.65,25,4.4
1946-01-15,08:55:00.000,-12,-77.8,40,4.3
1946-02-05,00:30:00.000,-15.8,-74.6,50,4.3
1946-02-06,22:52:00.000,-11.8,-75.1,40,3.4
1946-02-08,22:00:00.000,-12,-77.8,40,4.3
1946-02-15,01:30:00.000,-13,-76.2,80,4.7
1946-02-17,08:40:00.000,-5.65,-78,40,4.4
1946-02-17,23:14:00.000,-12,-77.5,40,4.1
1946-02-21,10:48:00.000,-13.57,-71.96,25,3.4
1946-03-06,02:15:00.000,-11.8,-77.5,40,3.8
1946-03-10,04:24:00.000,-11.15,-75.9,30,3.9
1946-03-18,10:25:00.000,-4.4,-81.6,30,4.6
1946-03-27,15:30:00.000,-15.6,-74.8,50,4.2
1946-04-04,15:48:00.000,-9.8,-78.6,50,4.6
1946-04-06,17:50:00.000,-12,-77.8,40,4.3
1946-04-09,10:50:00.000,-12,-77.8,40,4.3
1946-04-13,18:00:00.000,-15.6,-74.8,60,4.3
1946-04-16,23:30:00.000,-15.6,-74.8,60,4.3
1946-04-17,09:40:00.000,-12,-77.8,40,4.3
1946-04-17,17:30:00.000,-13.44,-72.51,25,3.6
1946-05-05,10:00:00.000,-13.5,-76,90,4.2
1946-05-06,17:30:00.000,-16.5,-71.72,20,3.5
1946-05-07,23:18:00.000,-15.65,-74.15,20,4.1
1946-05-08,15:45:00.000,-17.9,-70,30,3.7
1946-05-10,09:10:00.000,-12,-77.8,40,4.8
1946-05-22,14:20:00.000,-18.1,-69.85,30,3.4
1946-05-26,09:00:00.000,-17.3,-72.4,30,4.2
1946-05-27,04:15:00.000,-17.3,-72.4,30,4.2
1946-05-29,10:50:00.000,-11.2,-78,40,3.9
1946-05-30,16:56:00.000,-13.544,-71.964,25,3.3
1946-06-02,04:15:00.000,-15.6,-74.8,60,3.8
1946-06-04,13:35:00.000,-10.7,-78.2,40,3.9
1946-06-06,04:00:00.000,-11.66,-76.32,30,3
1946-06-10,17:00:00.000,-5.85,-77,30,4.4
1946-06-16,04:05:00.000,-17.3,-72.4,30,4.2
1946-06-26,20:20:00.000,-3.617,-81.331,30,4.9
1946-06-27,11:45:00.000,-17.8,-70.2,30,3.6
1946-07-01,11:00:00.000,-5.6,-78.96,20,3.4
1946-07-04,03:16:00.000,-8.3,-79.4,40,4.7
1946-07-04,04:41:00.000,-15.65,-74.15,20,4.6
1946-07-12,16:15:00.000,-5.6,-78.96,20,3.4
1946-07-12,23:00:00.000,-5.6,-78.96,25,3
1946-07-13,12:43:00.000,-5.6,-78.96,25,3
1946-07-18,11:51:00.000,-18.1,-70,30,4.2
1946-07-23,14:35:00.000,-4,-80.7,30,4.2
1946-07-26,06:44:45.000,-19.75,-70.5,200,6.8
1946-08-01,21:21:00.000,-9,-75.2,30,4.6
1946-08-06,13:17:00.000,-18,-69.2,30,4.2
1946-08-07,15:15:00.000,-9.04,-77.78,25,3.2
1946-08-12,15:38:00.000,-9.6,-78.7,40,4.4
1946-08-16,13:18:00.000,-14.4,-76.3,40,4.6
1946-08-17,15:32:00.000,-9.4,-75.4,30,4.6
1946-08-25,01:20:00.000,-6.2,-77.3,20,4.1
1946-09-02,10:10:00.000,-5,-78.9,30,3.9
1946-09-16,12:56:00.000,-15.8,-74.6,60,4.4
1946-09-22,02:55:00.000,-11.9,-77.5,40,4.4
1946-09-26,20:50:00.000,-12,-77.8,40,4.3
1946-09-27,18:30:00.000,-12,-77.8,40,4.3
1946-09-30,00:59:40.000,-14.332,-76.664,50,6
1946-10-09,08:30:00.000,-13.5,-76,90,4.9
1946-10-10,16:13:45.000,-11.83,-76.6,30,3
1946-10-17,21:15:00.000,-13.5,-76,90,4.7
1946-10-23,20:00:00.000,-6.85,-78.46,20,3.8
1946-10-27,04:54:00.000,-12.4,-76.4,90,4.7
1946-11-05,02:30:00.000,-16.5,-71.7,18,3.4
1946-11-10,17:42:53.000,-8.47,-77.86,15,7.3
1946-11-16,09:59:00.000,-18.1,-70,30,4.2
1946-11-16,16:36:00.000,-11.83,-76.6,30,3.4
1946-11-19,08:48:00.000,-12.87,-76.406,90,5.6
1946-12-05,07:55:00.000,-12.395,-76.451,90,5
1946-12-09,15:05:00.000,-10.8,-78.1,40,4.3
1946-12-10,12:45:00.000,-5.4,-80.8,40,4.3
1946-12-10,18:45:00.000,-8.47,-77.72,25,3.5
1946-12-13,12:49:00.000,-6,-81.3,0,5.6
1946-12-14,00:14:00.000,-4,-80.7,30,3.7
1947-01-05,19:52:00.000,-17.1,-71.5,30,4.2
1947-01-08,04:40:00.000,-12,-77.8,40,4.3
1947-02-03,16:43:00.000,-9.763,-76.418,40,4.3
1947-02-09,14:51:00.000,-11.6,-76,30,3.4
1947-02-09,15:18:00.000,-11.2,-75.4,15,4.3
1947-02-24,17:31:00.000,-15.31,-68.81,20,6.8
1947-02-25,08:55:00.000,-7.95,-77.7,25,4.3
1947-02-26,21:34:00.000,-4,-80.7,30,3.7
1947-03-16,01:15:00.000,-6.54,-78.62,25,3.3
1947-03-27,05:30:00.000,-12,-77.8,40,4.3
1947-03-28,08:40:00.000,-11.1,-74.8,30,3.8
1947-04-01,10:13:00.000,-11.2,-75.4,40,4
1947-04-01,14:17:00.000,-17.9,-70.7,70,4.6
1947-04-03,02:57:00.000,-11.2,-75.4,40,4
1947-04-04,03:15:00.000,-12,-77.8,40,4.5
1947-04-06,05:30:00.000,-11.4,-78.1,40,4.8
1947-04-08,01:30:00.000,-12,-77.8,40,4.3
1947-04-08,12:25:00.000,-11.721,-76.92,100,5
1947-04-19,08:06:00.000,-11.1,-74.8,30,4.8
1947-04-20,02:05:00.000,-13.5,-72.7,25,3.6
1947-06-01,22:21:00.000,-8.3,-75.1,30,4.2
1947-06-05,14:00:00.000,-8.48,-77.38,20,3.4
1947-07-01,14:30:00.000,-8.48,-77.38,25,3.3
1947-07-05,07:20:00.000,-17.4,-70.2,110,4.9
1947-07-06,01:00:00.000,-8.48,-77.38,25,3.3
1947-07-12,04:27:00.000,-9.392,-79.122,40,6.1
1947-07-19,15:10:00.000,-10.8,-78.1,40,4.1
1947-07-22,15:15:00.000,-13.34,-76,90,4.2
1947-07-23,02:25:00.000,-13.5,-76,90,4.7
1947-07-25,09:55:00.000,-8.2,-79.3,40,4.5
1947-07-29,12:45:00.000,-8.33,-77.5,20,4.2
1947-07-30,11:50:00.000,-12,-77.8,40,4.5
1947-07-31,21:30:00.000,-4.65,-79.45,20,3.5
1947-08-01,05:20:00.000,-12,-77.8,40,4.5
1947-08-02,23:45:00.000,-8.33,-77.5,20,3.7
1947-08-03,14:20:00.000,-12,-77.8,40,4.3
1947-08-04,02:23:00.000,-4,-80.7,30,3.7
1947-08-06,03:23:00.000,-4,-80.7,30,4.2
1947-08-11,08:20:00.000,-13.5,-76,90,4.7
1947-08-12,12:20:00.000,-12,-76.7,80,4.2
1947-08-14,10:15:00.000,-16.7,-71.8,20,3.9
1947-08-15,02:30:00.000,-11.15,-75.9,40,3.5
1947-08-15,03:30:00.000,-11.15,-75.9,40,4
1947-08-19,04:57:00.000,-10.6,-75.65,25,4.5
1947-08-23,04:50:00.000,-12,-77.8,40,4.3
1947-08-23,21:15:00.000,-11.25,-74.85,40,3.8
1947-08-24,05:15:00.000,-11.83,-76.6,30,3
1947-08-24,16:27:00.000,-11.25,-74.85,40,3.8
1947-08-25,09:10:00.000,-16.7,-71.8,20,3.4
1947-09-05,01:41:00.000,-8.6,-75.8,30,4.5
1947-09-10,11:20:00.000,-15.6,-74.8,60,4.3
1947-09-15,04:00:00.000,-10.2,-75.8,40,4.2
1947-09-18,13:15:00.000,-13.5,-76,90,4.7
1947-09-22,03:51:00.000,-10.333,-75.881,100,4.7
1947-09-25,23:50:00.000,-15,-73.73,110,5
1947-09-26,16:48:00.000,-8.32,-77.93,20,3.1
1947-09-29,06:30:00.000,-4.2,-80.7,30,4.1
1947-09-30,19:57:00.000,-5.85,-78.8,20,3.3
1947-10-01,08:00:00.000,-12,-77.8,40,4.3
1947-10-01,12:30:00.000,-8.264,-77.588,20,4
1947-10-03,00:15:00.000,-8.3,-77.6,30,3.2
1947-10-05,09:10:00.000,-8.3,-77.6,30,3
1947-10-07,12:00:00.000,-8.35,-77.45,20,3.5
1947-10-08,17:09:00.000,-9.5,-78.6,40,4.3
1947-10-13,08:45:00.000,-16.5,-71.7,30,3.9
1947-10-14,05:15:00.000,-17.2,-70.7,30,3.2
1947-10-15,08:00:00.000,-13.6,-76,90,4.8
1947-10-17,09:48:00.000,-4,-80.7,30,4.2
1947-10-19,21:12:00.000,-11.15,-75.9,40,4.5
1947-10-24,21:00:00.000,-16.5,-71.7,15,3.3
1947-10-31,15:00:00.000,-13,-72.5,20,4
1947-11-01,14:58:53.000,-11.257,-75.088,100,7.3
1947-11-08,05:24:19.000,-2.1,-76.8,0,6
1947-11-08,05:29:19.000,-2.1,-76.8,0,6
1947-11-15,22:10:00.000,-12,-77.8,40,4.3
1947-11-18,04:40:00.000,-12,-77.8,40,4.3
1947-11-23,14:56:00.000,-11.8,-77.5,40,4.4
1947-11-24,06:52:00.000,-11.9,-76.9,80,4.7
1947-11-25,18:40:00.000,-11.1,-74.8,30,4.3
1947-11-27,02:27:00.000,-4,-80.7,30,4.2
1947-11-28,07:05:00.000,-11.1,-74.8,30,3.8
1947-11-29,04:50:00.000,-12.1,-77.5,40,3.9
1947-12-01,17:10:00.000,-12.1,-77.5,40,3.9
1947-12-04,19:00:00.000,-13,-76.2,90,4.3
1947-12-11,11:00:00.000,-12.1,-77.5,40,3.9
1947-12-13,12:10:00.000,-10.2,-75.6,40,4.3
1948-01-04,10:17:00.000,-13.6,-76.6,80,4.3
1948-01-10,08:55:00.000,-11.1,-74.8,30,4.3
1948-01-10,18:26:00.000,-13.57,-71.93,30,3
1948-01-12,04:45:00.000,-11.8,-75.1,30,3.8
1948-01-16,04:45:00.000,-7.8,-79.5,40,3.6
1948-01-18,01:17:00.000,-11.1,-74.8,40,4.6
1948-01-26,02:05:00.000,-11.1,-74.8,30,4.3
1948-01-27,11:45:00.000,-7.32,-78.42,30,3.1
1948-01-28,15:00:00.000,-15,-73.5,30,3.3
1948-01-29,03:42:00.000,-11.1,-74.8,30,4.3
1948-01-31,00:30:00.000,-12.1,-77.5,40,3.9
1948-02-09,22:22:00.000,-12.1,-77.5,40,3.9
1948-02-14,23:28:00.000,-8.3,-77.2,20,3.4
1948-02-15,00:29:00.000,-8.3,-77.2,20,4.3
1948-02-15,03:23:00.000,-8.3,-77.2,20,3.4
1948-02-17,10:16:00.000,-17.2,-71.1,30,3.6
1948-02-18,19:33:00.000,-3.9,-80.8,40,3.7
1948-02-19,06:50:00.000,-3.9,-80.8,40,4
1948-02-20,01:23:11.000,-5,-80.7,0,5.1
1948-02-20,01:26:32.000,-5,-80.7,0,5.1
1948-02-22,10:58:00.000,-12.2,-77.5,40,4.6
1948-02-26,18:10:00.000,-8.15,-78.05,20,3.1
1948-03-04,10:00:00.000,-10.6,-75.4,30,4.5
1948-03-06,05:17:00.000,-11.1,-74.8,40,4.6
1948-03-06,11:15:00.000,-13.6,-76.6,90,4.8
1948-03-15,10:00:00.000,-12.2,-77.5,40,4
1948-03-17,19:20:00.000,-12.2,-77.5,40,4
1948-03-19,16:49:00.000,-3.9,-80.8,40,3.7
1948-03-24,21:55:00.000,-14.4,-76.3,60,4.4
1948-03-27,01:40:00.000,-9.9,-75.4,30,4
1948-04-04,14:05:00.000,-11.67,-78.167,40,4.8
1948-04-14,04:38:00.000,-11.8,-75.1,30,4.5
1948-04-17,12:00:00.000,-12,-77.8,40,4.5
1948-04-18,00:05:00.000,-7,-80.3,40,4.8
1948-04-24,01:15:00.000,-16.5,-71.7,30,3.9
1948-04-29,00:28:00.000,-5.95,-78.7,20,3.1
1948-04-30,12:12:00.000,-3.9,-80.8,40,4.3
1948-05-01,00:55:00.000,-8.9,-75.6,30,3.9
1948-05-11,08:55:41.000,-17.5,-70.25,70,7.3
1948-05-12,08:00:00.000,-18.1,-70,30,3.2
1948-05-15,00:15:00.000,-8.2,-79.3,40,3.7
1948-05-28,05:36:16.000,-13,-76.5,60,6
1948-06-03,04:15:00.000,-9.4,-75.4,30,4.6
1948-06-11,00:15:00.000,-7.8,-79.5,40,4.2
1948-06-12,03:40:00.000,-7.8,-79.5,40,3.7
1948-06-14,09:20:00.000,-7.7,-74.3,200,6.1
1948-06-15,00:10:00.000,-7.8,-79.5,40,4.3
1948-06-15,05:01:00.000,-16.5,-71.7,30,3.2
1948-06-18,00:15:00.000,-7.3,-79.5,40,4.1
1948-06-23,07:25:00.000,-17.3,-70.8,30,3.1
1948-06-23,07:45:00.000,-17.296,-70.796,30,3.6
1948-06-24,01:30:00.000,-17.1,-71.1,30,3.1
1948-07-01,20:25:00.000,-11.9,-77.5,40,3.8
1948-07-02,19:05:00.000,-17.1,-71.1,30,3.6
1948-07-04,07:30:00.000,-17.2,-70.8,30,3.5
1948-07-05,00:45:00.000,-17.3,-70.8,30,3.1
1948-07-05,19:07:00.000,-17.1,-71.2,30,3.2
1948-07-20,11:02:17.000,-16.238,-74.24,30,7.1
1948-07-21,04:20:00.000,-17.2,-71.1,30,3.6
1948-08-04,05:45:00.000,-11.7,-77.8,40,4.5
1948-08-15,07:35:00.000,-12.6,-76.5,80,4.4
1948-08-16,11:15:00.000,-13.42,-72.8,25,3.8
1948-08-17,17:45:00.000,-13.5,-76,90,4.4
1948-08-19,23:45:00.000,-12.6,-76.5,80,4.4
1948-08-20,12:00:00.000,-12.2,-77.5,40,4
1948-08-31,12:47:00.000,-3.9,-80.8,40,4.3
1948-09-05,10:14:00.000,-12.2,-77.5,40,4.5
1948-09-08,01:30:00.000,-13,-76.2,90,4.3
1948-09-21,08:25:00.000,-12.6,-77.5,80,4.7
1948-09-23,21:16:00.000,-5.4,-80.8,80,4.2
1948-09-27,09:27:00.000,-3.9,-80.8,40,4.3
1948-10-02,18:10:00.000,-14,-72.8,30,4.3
1948-10-09,10:25:00.000,-13,-76.2,90,4.3
1948-10-09,21:45:00.000,-18,-69.92,30,3.3
1948-10-10,08:40:00.000,-13.44,-72.51,25,3.3
1948-10-10,17:00:00.000,-17.3,-70.8,30,3.6
1948-10-12,07:49:00.000,-12.05,-77.5,40,4.1
1948-10-18,03:40:00.000,-7.8,-79.5,50,3.8
1948-10-29,03:05:00.000,-18,-69.92,30,3.8
1948-11-01,02:11:00.000,-16.6,-71.6,35,3.5
1948-11-06,10:17:00.000,-13.544,-71.964,25,3.3
1948-11-06,17:30:00.000,-11.8,-75.1,30,3.8
1948-11-13,10:05:00.000,-13,-76.2,80,4.2
1948-11-18,08:18:00.000,-12.345,-77.293,70,4.9
1948-11-24,18:45:00.000,-16.5,-71.7,25,4
1948-12-03,04:00:00.000,-11,-75.9,30,3.6
1948-12-12,14:50:00.000,-8.48,-77.46,25,3.2
1948-12-22,00:35:00.000,-9.5,-78.6,40,4.5
1948-12-25,15:20:00.000,-12.1,-77.5,40,3.9
1948-12-26,17:35:00.000,-3.9,-80.8,30,4.1
1948-12-30,13:20:00.000,-9.5,-78.6,40,3.8
1949-01-01,22:47:00.000,-11.1,-74.8,30,4.1
1949-01-03,10:35:00.000,-12.1,-77.5,40,4.5
1949-01-05,04:45:00.000,-8.2,-79.3,40,4.3
1949-01-06,02:12:00.000,-11.1,-74.8,30,4.3
1949-01-07,07:00:00.000,-11.5,-75,30,4.7
1949-01-10,04:40:00.000,-16.5,-71.7,25,3.6
1949-01-10,18:25:00.000,-13.57,-71.93,35,3.1
1949-01-11,00:58:00.000,-16.5,-71.7,40,3.3
1949-01-12,21:22:00.000,-16.5,-71.7,25,4
1949-01-13,16:48:00.000,-12.4,-77.3,50,4.5
1949-01-20,16:30:00.000,-9.3,-78.8,40,4.3
1949-01-25,21:30:00.000,-9.6,-78.6,50,3.9
1949-01-25,23:49:00.000,-8.51,-77.68,20,3.4
1949-01-26,01:40:00.000,-4.4,-81.6,30,4.6
1949-01-26,12:45:00.000,-16.5,-71.7,25,3.8
1949-02-01,22:01:00.000,-5.85,-78.8,20,3.3
1949-02-02,18:25:00.000,-11.2,-75.4,40,4
1949-02-13,14:20:00.000,-8.43,-77.55,20,3.3
1949-02-24,11:35:01.000,-12.5,-75,40,4.4
1949-03-02,09:00:00.000,-17.8,-70.2,30,3.6
1949-03-03,08:00:00.000,-10.8,-78.05,40,4.2
1949-03-07,06:25:00.000,-18.1,-70,30,3.9
1949-03-13,09:35:00.000,-9.4,-75.4,30,4.6
1949-03-17,04:30:00.000,-18.1,-70,30,3.7
1949-03-17,05:49:06.000,-15.5,-69.5,0,5.1
1949-03-20,03:00:00.000,-13.5,-76,90,4.7
1949-03-20,09:45:00.000,-11.2,-75.4,40,4
1949-04-02,09:00:00.000,-14.9,-75.1,90,4.9
1949-04-05,07:00:00.000,-13.5,-76,90,4.7
1949-04-10,19:12:00.000,-8.38,-77.46,30,3.2
1949-04-12,22:00:00.000,-13,-76.2,90,4.8
1949-04-14,08:00:00.000,-13.5,-76,90,4.7
1949-04-16,01:45:00.000,-13.5,-71.6,25,3.8
1949-04-23,00:30:14.000,-11.26,-75,90,4.7
1949-04-25,13:54:59.000,-19.75,-69,0,7.3
1949-05-02,01:05:00.000,-17.2,-70.7,30,3.2
1949-05-12,03:25:00.000,-8.44,-77.57,20,3.2
1949-05-13,02:27:00.000,-11.9,-76.4,30,3.2
1949-05-16,15:10:00.000,-12.4,-77.4,40,4.3
1949-05-17,04:55:00.000,-12,-76.85,90,4.6
1949-05-19,21:46:00.000,-12.4,-77.4,40,4.5
1949-05-20,04:00:00.000,-13.5,-76,90,4.7
1949-05-21,23:05:00.000,-5.6,-78.96,20,3.4
1949-05-30,01:43:00.000,-18.1,-70,30,3.7
1949-05-30,08:36:00.000,-4,-81.5,30,5
1949-06-03,17:45:00.000,-4,-81.5,30,5
1949-06-16,02:25:00.000,-15.65,-74.15,20,4.1
1949-06-28,19:20:00.000,-12.4,-77.4,40,4
1949-07-03,11:50:00.000,-4,-80.8,30,3.2
1949-07-04,01:35:00.000,-8.46,-77.57,30,3.2
1949-07-11,00:00:00.000,-8.48,-77.42,30,3
1949-07-13,07:45:00.000,-16.62,-71.5,25,3.6
1949-07-13,16:50:00.000,-8.48,-77.42,25,3.3
1949-07-15,05:30:00.000,-8.32,-77.51,20,4
1949-07-21,08:01:39.000,-15.5,-73,150,6.5
1949-07-25,05:45:00.000,-11.15,-75.9,20,4.3
1949-07-26,05:20:00.000,-12.4,-77.4,40,4.5
1949-07-29,16:45:00.000,-8.41,-77.6,30,3.5
1949-08-01,14:44:00.000,-12,-77.5,40,4.2
1949-08-06,02:54:00.000,-12.4,-77.4,40,4.5
1949-08-10,01:30:00.000,-8.33,-77.53,25,3.6
1949-08-10,21:15:00.000,-12.4,-77.4,40,4
1949-08-19,04:41:00.000,-11.95,-76.55,30,3.5
1949-08-22,06:20:00.000,-18.1,-70,30,3.7
1949-08-25,18:45:00.000,-17,-71,30,3.9
1949-08-30,14:55:00.000,-12.4,-77.4,40,3.9
1949-09-09,10:30:00.000,-8.44,-77.48,25,3.3
1949-10-14,01:37:00.000,-3.8,-80.8,30,4
1949-10-26,17:15:00.000,-13,-76.2,90,4.8
1949-11-03,22:15:00.000,-11.2,-75.4,30,3.4
1949-11-05,23:45:00.000,-11.2,-75.4,30,3.9
1949-11-15,16:30:00.000,-8.32,-77.57,20,3.5
1949-11-21,05:45:00.000,-11.2,-75.4,30,3.9
1949-11-28,08:00:00.000,-17.3,-72.4,30,4.3
1949-12-02,01:35:00.000,-12.4,-77.4,40,4.3
1949-12-03,12:01:54.000,-18,-70,0,5.5
1949-12-18,20:32:00.000,-5,-77.3,30,3.4
1949-12-22,07:58:00.000,-11.25,-74.9,100,4.8
1949-12-23,06:30:00.000,-8.32,-77.57,20,3.5
1950-01-03,06:00:00.000,-12.4,-77.4,40,4.3
1950-01-03,19:35:00.000,-13,-76.2,90,4.8
1950-01-13,03:00:00.000,-8.43,-77.55,20,3.5
1950-01-16,02:30:00.000,-13.5,-71.2,15,3.6
1950-01-17,05:00:00.000,-13.5,-71.2,15,4.1
1950-01-26,06:00:00.000,-13.5,-71.2,25,3.5
1950-02-02,06:45:00.000,-12.2,-77.5,40,4.5
1950-02-21,00:25:00.000,-4.4,-81,30,3.8
1950-02-26,08:55:00.000,-7.4,-79.9,40,4.3
1950-03-05,02:17:18.000,-12.2,-77.5,40,4.7
1950-03-07,08:03:00.000,-8,-71,0,8.6
1950-03-11,09:20:00.000,-12.4,-77.3,40,3.9
1950-03-14,03:10:02.000,-9.601,-75.625,150,6.8
1950-03-14,09:40:00.000,-10.3,-75.7,150,5
1950-03-21,09:00:00.000,-12.4,-77.3,40,3.9
1950-03-22,23:43:00.000,-11.1,-74.8,30,4.5
1950-04-26,06:11:48.000,-11.1,-74.8,30,4.5
1950-05-21,18:37:40.000,-13.477,-72.102,15,5.6
1950-05-23,21:00:00.000,-13.57,-71.93,30,3
1950-05-24,00:00:00.000,-13.57,-71.93,30,3
1950-05-25,18:03:00.000,-13.544,-71.964,25,3.6
1950-05-27,08:15:00.000,-17.2,-70.6,30,3.8
1950-05-28,09:00:00.000,-13.57,-71.93,30,3
1950-05-31,00:45:00.000,-12.4,-77.5,40,4.9
1950-06-01,08:00:00.000,-13.57,-71.93,30,3
1950-06-02,12:40:00.000,-4.4,-81,30,3.6
1950-06-02,18:52:00.000,-18.1,-70,30,3.2
1950-06-07,16:52:34.000,-4.9,-76.742,150,6.8
1950-06-09,18:40:00.000,-13.4,-73.2,30,4
1950-06-14,07:59:23.000,-14.5,-70,287,5.1
1950-06-14,08:04:00.000,-17.8,-70.2,30,3.6
1950-06-16,08:05:00.000,-14.05,-71.55,20,3.4
1950-06-17,21:25:00.000,-11.7,-77,90,4.9
1950-06-22,22:53:37.000,-15,-70,0,4.9
1950-06-22,22:55:00.000,-17.2,-70.7,30,4.2
1950-06-29,06:30:00.000,-16.6,-71.6,40,3.4
1950-06-30,10:25:00.000,-16.5,-71.7,40,3.8
1950-06-30,21:15:00.000,-17.7,-70.3,30,3.8
1950-07-09,02:38:00.000,-8,-79.4,40,4.4
1950-07-09,05:20:00.000,-8.9,-74.3,40,4.6
1950-07-09,09:45:07.000,-8.2,-71,667,6.4
1950-07-13,20:38:00.000,-17.5,-70,120,4.9
1950-07-15,04:30:00.000,-17.5,-70,120,4.6
1950-07-17,12:25:00.000,-14.1,-71.5,20,4.3
1950-07-22,22:55:00.000,-17.2,-70.8,30,3
1950-08-06,20:35:00.000,-8.4,-77.58,20,4.3
1950-08-08,03:35:00.000,-7,-80.3,40,4.8
1950-08-10,02:55:00.000,-12.2,-77.5,40,4
1950-08-18,10:33:00.000,-5.58,-78.9,20,3.3
1950-08-21,10:25:00.000,-8.2,-79.3,40,4.3
1950-08-25,03:35:00.000,-13.7,-71.85,25,3.6
1950-09-04,17:45:00.000,-13.5,-71.2,15,3.8
1950-09-16,16:16:00.000,-12.4,-77.5,40,4.1
1950-09-18,19:36:43.000,-8,-71,650,5.6
1950-09-24,16:26:00.000,-11.1,-74.8,40,4.1
1950-09-27,08:07:00.000,-11.1,-74.8,30,4.3
1950-10-08,05:40:00.000,-8,-79.5,40,4.2
1950-11-04,01:30:00.000,-13.6,-76,90,4.8
1950-11-06,07:00:00.000,-8.44,-77.57,20,3.5
1950-11-15,17:45:00.000,-17.3,-70.6,30,4.1
1950-11-16,16:48:00.000,-14.3,-76.5,50,4.6
1950-11-18,09:40:00.000,-3.4,-80.6,30,4
1950-11-20,21:48:00.000,-17.3,-70.6,30,4.3
1950-11-27,14:13:00.000,-18,-69.9,30,4.1
1950-12-02,15:19:22.000,-8.2,-71,667,6.8
1950-12-04,13:18:00.000,-12.4,-77.5,40,4.6
1950-12-09,21:38:48.000,-23.5,-67.5,100,8.3
1950-12-10,02:50:42.000,-14.25,-75.75,80,7
1950-12-12,03:35:00.000,-8.3,-79.25,40,4.3
1950-12-25,13:25:00.000,-14.3,-75.8,80,4.6
1950-12-26,21:05:00.000,-12.4,-77.5,40,4.6
1950-12-27,04:30:00.000,-17,-71.2,30,4.1
1950-12-28,14:17:26.000,-7.5,-71,650,6.2
1951-01-02,23:12:04.000,-9.5,-79.5,40,5.2
1951-01-10,02:52:00.000,-11.8,-77.5,40,4.6
1951-01-16,16:21:00.000,-14.3,-75.8,80,4.3
1951-01-17,17:00:00.000,-14.3,-75.8,80,4.8
1951-01-19,13:20:00.000,-12.4,-77.5,40,4.6
1951-02-02,14:00:00.000,-12.6,-77.4,30,4.3
1951-02-04,11:06:00.000,-11.9,-77.1,30,4.1
1951-02-10,01:56:00.000,-11.9,-77.1,30,4.4
1951-02-21,13:23:00.000,-10.9,-78,40,4.3
1951-03-04,01:15:00.000,-14.3,-75.8,80,4.6
1951-03-04,11:17:33.000,-15.439,-73.458,100,6.9
1951-03-04,17:27:00.000,-15.5,-74,90,4.6
1951-03-06,10:45:00.000,-5.52,-79,20,3.8
1951-03-11,05:28:00.000,-12.4,-77.5,40,4.4
1951-03-11,09:08:14.000,-14,-70,200,5.2
1951-03-13,07:45:00.000,-14.9,-75.1,90,4.7
1951-03-13,09:00:00.000,-13.75,-71.65,25,3.4
1951-03-14,06:20:00.000,-12.4,-77.6,40,4.4
1951-03-17,19:25:00.000,-13.1,-77,40,4.8
1951-03-19,17:05:00.000,-12.4,-77.5,40,4.1
1951-03-22,04:30:00.000,-12.4,-77.4,40,4
1951-03-29,09:48:00.000,-14,-76,80,5
1951-04-07,01:16:00.000,-16.7,-71.4,20,4
1951-04-08,19:31:00.000,-17.2,-71.2,30,4.2
1951-04-17,11:55:00.000,-9.59,-77.51,25,3.3
1951-04-22,03:40:00.000,-14.3,-75.8,80,4.8
1951-04-23,13:20:00.000,-17.3,-70.65,30,3.8
1951-04-30,12:11:00.000,-16.5,-71.7,25,4
1951-05-02,04:45:00.000,-12.4,-77.5,40,4.6
1951-05-03,19:54:00.000,-11.25,-74.9,100,4.9
1951-05-10,09:50:00.000,-11,-74,83,4.9
1951-05-18,17:20:00.000,-8.5,-77.37,20,3.7
1951-05-23,08:50:00.000,-11.1,-74.8,30,4.3
1951-05-24,18:25:00.000,-16,-72.8,20,4.2
1951-06-06,17:10:00.000,-12.4,-77.4,40,4
1951-06-18,09:32:00.000,-14.3,-75.8,80,4.9
1951-06-24,01:44:26.000,-8.3,-79.8,0,5.5
1951-07-03,11:15:00.000,-16.2,-71.8,30,3.7
1951-07-03,13:19:00.000,-12.4,-77.5,40,4.6
1951-07-14,04:59:00.000,-4,-81.3,30,4.8
1951-07-23,05:02:00.000,-16.6,-71.6,40,4.8
1951-08-11,00:00:00.000,-13.6,-76.6,80,4.7
1951-08-14,08:15:00.000,-17.4,-70.4,30,3.9
1951-08-20,08:40:00.000,-7.5,-79.8,40,4.2
1951-08-21,16:00:00.000,-16.6,-71.6,40,3.8
1951-08-22,23:20:00.000,-11.2,-77.9,40,3.8
1951-08-27,05:00:00.000,-16.2,-72.4,30,4
1951-08-30,14:30:00.000,-8.55,-77.34,20,4.1
1951-09-04,23:45:00.000,-4.4,-81.6,30,4.6
1951-09-10,12:15:00.000,-8.9,-75.7,40,4.4
1951-09-14,05:29:00.000,-8.1,-79.4,40,4.7
1951-09-20,01:00:00.000,-4,-81.4,30,4.6
1951-09-20,07:37:00.000,-4.2,-81.2,30,4.1
1951-09-25,14:05:00.000,-8.2,-79.3,40,4.1
1951-09-28,09:28:00.000,-14.3,-75.8,80,4.8
1951-10-01,09:12:00.000,-14.2,-75.8,80,4.3
1951-10-03,11:07:09.000,-17.9,-70.8,63,5.8
1951-10-12,18:22:36.000,-2,-77,0,5.9
1951-11-09,22:10:00.000,-16.596,-71.796,30,3.8
1951-11-16,13:13:00.000,-12.8,-77,40,4.4
1951-11-23,05:42:30.000,-12.3,-77.4,40,4.2
1951-12-05,05:55:00.000,-16.55,-71.6,30,4
1951-12-14,01:48:00.000,-8.2,-79.3,40,4.8
1952-01-05,12:00:00.000,-15.5,-74.8,60,4
1952-01-15,07:00:51.000,-4.26,-80.06,100,6.5
1952-01-24,16:40:00.000,-7.3,-79.9,50,5
1952-01-28,20:15:00.000,-12.3,-77.4,40,4.4
1952-01-30,10:00:00.000,-6.2,-77.3,40,3.8
1952-02-03,06:38:00.000,-9.6,-77.51,20,3.2
1952-02-09,04:13:00.000,-10.65,-75.5,28,4.2
1952-02-17,15:46:00.000,-12.3,-77.4,40,4.2
1952-02-26,11:31:00.000,-15.738,-70.657,200,5.6
1952-02-26,12:04:00.000,-16.6,-71.6,30,3.7
1952-03-13,14:15:00.000,-7.5,-79.8,40,4.2
1952-03-15,08:49:00.000,-16.2,-72.4,30,4
1952-03-23,07:11:00.000,-10.8,-75.2,150,5
1952-03-23,08:25:00.000,-10.8,-75.2,150,4.5
1952-03-31,12:25:00.000,-6.16,-78.85,20,3.4
1952-03-31,20:01:00.000,-12.4,-77.4,40,4
1952-04-08,00:19:07.000,-9,-71,603,5.8
1952-04-13,12:50:00.000,-17.2,-70.7,30,4.2
1952-04-14,06:51:00.000,-12.4,-77.4,40,4
1952-04-21,09:11:00.000,-12,-76.7,90,5
1952-05-02,18:35:00.000,-12.4,-77.4,40,4.2
1952-05-03,12:14:11.000,-14.203,-76.323,50,6.4
1952-05-03,20:41:00.000,-14.3,-75.8,80,4.8
1952-05-04,16:58:00.000,-14.3,-75.8,80,4.6
1952-05-08,09:38:58.000,-16.9,-70.3,96,4.3
1952-05-10,13:54:00.000,-15.6,-73.1,30,3.8
1952-05-23,10:03:00.000,-18.1,-70,30,4.2
1952-05-24,01:59:00.000,-18.02,-70.25,0,5.9
1952-05-25,14:30:00.000,-18.1,-70,30,3.2
1952-05-26,07:44:00.000,-18.1,-70,30,3.7
1952-06-08,05:31:00.000,-12.4,-77.4,40,4.5
1952-06-20,16:33:00.000,-8.8,-77.4,25,3.8
1952-06-23,08:44:00.000,-12.4,-77.4,40,4.8
1952-06-26,08:10:00.000,-12.4,-77.4,40,4
1952-07-06,07:00:00.000,-13.55,-71.97,25,3.6
1952-07-11,07:40:00.000,-12.4,-77.4,40,4.8
1952-07-17,03:40:00.000,-12.4,-77.4,40,4.5
1952-07-17,15:14:00.000,-12.4,-77.4,40,4
1952-07-22,18:05:00.000,-11.6,-77.8,40,4.7
1952-07-27,02:18:00.000,-12.4,-77.4,40,4.7
1952-07-27,18:35:00.000,-15.6,-74.8,60,4.2
1952-08-03,04:22:00.000,-12.3,-77.4,40,4.3
1952-08-03,18:14:00.000,-12.05,-77.5,30,4.1
1952-08-06,13:36:00.000,-12.05,-77.5,30,4.6
1952-08-14,06:25:00.000,-12.05,-77.5,30,4.4
1952-08-18,14:24:00.000,-12.05,-77.5,30,4.4
1952-08-22,22:50:00.000,-12.05,-77.5,30,3.8
1952-08-26,10:45:00.000,-13.55,-71.97,20,3.6
1952-09-11,12:03:00.000,-8.9,-75.7,40,4.4
1952-09-21,02:33:00.000,-16.8,-71.3,30,4.3
1952-09-23,08:08:00.000,-7.4,-79.8,40,4.8
1952-09-27,22:41:00.000,-12.05,-77.5,30,4.1
1952-10-12,12:34:00.000,-12.05,-77.5,30,3.9
1952-10-14,14:53:00.000,-11.25,-74.9,100,4.5
1952-11-08,06:01:00.000,-12.4,-77.4,40,4
1952-11-18,14:35:00.000,-11.7,-78,40,4.6
1952-12-13,02:54:00.000,-17.4,-70.5,30,3.6
1952-12-17,04:40:00.000,-11.25,-74.9,100,4.8
1952-12-31,20:42:00.000,-12.05,-77.5,30,3.9
1953-01-09,07:00:00.000,-8.5,-79.2,40,4.5
1953-01-09,16:14:00.000,-4.4,-81.6,30,4.9
1953-01-11,14:17:00.000,-11.95,-76.55,30,3
1953-01-18,12:52:00.000,-12.05,-77.5,30,3.9
1953-02-05,22:13:00.000,-12.05,-77.5,30,3.9
1953-02-11,12:11:00.000,-16.7,-71,120,4.8
1953-02-28,07:36:00.000,-11.7,-78,40,4.6
1953-02-28,19:50:00.000,-11.7,-78,40,4.8
1953-03-07,05:25:00.000,-12.13,-76.87,20,3.7
1953-03-08,03:05:00.000,-7.7,-79.6,30,4.6
1953-03-11,05:43:00.000,-12,-77.2,30,4.1
1953-03-13,05:05:00.000,-12,-77.2,30,4.4
1953-04-04,11:20:00.000,-10.2,-75,30,3.7
1953-04-08,13:45:00.000,-15.6,-74.8,60,4.2
1953-04-09,19:48:00.000,-16.7,-71.5,40,3.5
1953-04-13,19:35:00.000,-16.7,-71.5,40,3.5
1953-04-14,13:29:26.000,-8.2,-71,61,6.6
1953-04-14,18:50:00.000,-16.5,-71.7,25,3.1
1953-04-15,02:00:00.000,-16.6,-71.5,40,3.4
1953-04-17,00:02:50.000,-5.315,-77.702,80,5.6
1953-04-23,14:18:00.000,-11.25,-74.9,100,4.8
1953-04-24,07:55:00.000,-18.2,-69.95,30,4.1
1953-04-24,10:01:00.000,-16.6,-71.5,35,3.8
1953-04-26,00:28:00.000,-7.3,-78.46,20,4.2
1953-05-02,23:50:00.000,-17.2,-71.1,20,4.9
1953-05-06,09:55:00.000,-16.75,-71.4,40,3.5
1953-05-12,00:09:00.000,-9.3,-78.9,40,4.4
1953-05-25,04:54:00.000,-16.6,-71.6,40,3.4
1953-05-27,07:45:00.000,-17.2,-72.3,30,4.5
1953-05-28,20:49:00.000,-9.3,-78.2,90,5
1953-05-29,12:38:00.000,-15.6,-74.8,60,4.2
1953-05-30,15:07:00.000,-12,-76.8,90,4.6
1953-06-04,02:37:00.000,-6,-77.4,50,4
1953-06-04,10:10:00.000,-16.6,-71.6,40,4.4
1953-06-05,07:50:00.000,-11.95,-76.55,25,3.3
1953-06-15,22:33:00.000,-8.5,-74.4,230,4.8
1953-06-17,15:30:00.000,-5,-79.43,25,3.1
1953-06-17,23:45:00.000,-9.2,-78.9,40,4.3
1953-06-18,09:20:00.000,-16.65,-71.5,40,3.4
1953-06-21,19:00:00.000,-15.8,-74.6,50,4.3
1953-06-23,21:15:00.000,-16.6,-71.6,25,3.6
1953-06-27,03:58:00.000,-11.55,-76.8,70,4.5
1953-07-02,01:02:00.000,-11.4,-74.7,120,4.5
1953-07-16,04:05:00.000,-11.95,-76.55,30,3
1953-07-16,15:10:00.000,-15.6,-74.8,60,4.3
1953-07-18,04:25:00.000,-16.63,-71.5,35,4.3
1953-07-18,12:08:00.000,-5.5,-78.99,20,3.6
1953-07-28,05:30:00.000,-16.65,-71.5,40,3.4
1953-07-28,06:10:00.000,-9.44,-77.55,25,3.3
1953-08-04,05:26:00.000,-8.9,-75.7,40,4.2
1953-08-07,10:29:00.000,-16.68,-71.6,30,3.3
1953-08-14,17:15:00.000,-11.9,-76.54,30,3
1953-08-17,12:41:00.000,-12.85,-77.168,40,4.6
1953-08-21,10:29:00.000,-16.66,-71.5,25,3.2
1953-08-22,04:30:00.000,-11.9,-76.54,30,3
1953-08-22,17:48:00.000,-14.9,-75.1,80,4.8
1953-08-29,00:13:00.000,-16.9,-72.6,50,4.2
1953-09-11,19:32:00.000,-13.6,-76.6,80,4.9
1953-09-16,12:39:00.000,-11.25,-74.9,100,4.1
1953-09-18,02:00:00.000,-17.1,-71.1,30,3.1
1953-09-21,10:04:00.000,-13.37,-75.29,25,3.2
1953-09-28,06:00:00.000,-16.5,-71.6,30,3.1
1953-09-28,23:31:00.000,-15.7,-74.9,30,3.7
1953-10-05,12:18:00.000,-16.63,-71.55,40,3.4
1953-10-06,08:18:00.000,-16.68,-71.48,35,3.4
1953-10-12,03:15:00.000,-17.4,-70.6,30,3
1953-10-13,00:15:00.000,-16.68,-71.48,35,3.4
1953-10-21,01:48:00.000,-12.4,-77.5,40,4.1
1953-10-23,12:09:00.000,-12.4,-77.5,40,4.1
1953-11-01,21:08:00.000,-13.9,-72.3,20,3.3
1953-11-02,07:00:00.000,-13.9,-72.3,20,4
1953-11-06,12:50:00.000,-14.3,-75.8,80,4.6
1953-11-06,17:22:00.000,-11.7,-78,40,4.6
1953-11-10,21:13:00.000,-12.05,-76.6,25,3.4
1953-11-13,17:05:00.000,-12,-76.5,30,3.1
1953-11-18,18:07:00.000,-9.2,-78.9,40,4.3
1953-11-28,11:10:00.000,-15.7,-74.9,30,3.7
1953-11-29,09:00:00.000,-16.7,-71.45,25,3.8
1953-11-30,05:04:00.000,-12.4,-77.4,40,4
1953-12-03,11:05:00.000,-8.3,-79.3,40,4.3
1953-12-03,15:13:00.000,-14.3,-75.8,80,4.8
1953-12-05,15:32:00.000,-7.9,-79.6,40,4.5
1953-12-06,23:19:00.000,-9.2,-78.9,40,4.3
1953-12-07,11:25:00.000,-16.77,-71.4,25,3.4
1953-12-12,15:00:00.000,-5,-79.43,25,3.1
1953-12-12,17:31:25.000,-3.88,-80.45,30,7.8
1953-12-13,01:07:00.000,-3.4,-80.6,30,4.7
1953-12-14,08:30:00.000,-3.4,-80.6,30,4.1
1953-12-16,21:52:00.000,-16.66,-71.5,25,4.2
1953-12-17,06:00:00.000,-16.7,-71.45,30,3.3
1953-12-18,00:51:00.000,-16.67,-71.5,35,3.6
1953-12-18,02:15:00.000,-6.5,-79.25,25,3.8
1953-12-18,03:50:00.000,-3.4,-80.6,30,3.5
1953-12-18,06:07:00.000,-12,-76.9,90,4.3
1953-12-22,11:50:00.000,-8.9,-79,40,4.6
1953-12-23,22:20:00.000,-12,-76.5,30,3.3
1953-12-24,13:32:00.000,-9.2,-78.9,40,3.8
1953-12-25,06:45:00.000,-9.55,-77.15,20,3.9
1954-01-04,19:15:00.000,-11.7,-78,40,4.1
1954-01-08,10:40:00.000,-12,-76.9,90,4.3
1954-01-08,18:50:00.000,-9.2,-78.9,40,4.6
1954-01-17,23:23:00.000,-17.15,-71.1,30,3.1
1954-01-19,19:52:00.000,-12,-76.5,25,3.2
1954-01-21,05:30:00.000,-16.76,-71.4,25,3.4
1954-01-22,06:14:00.000,-12.4,-77.4,30,3.9
1954-01-22,07:00:00.000,-9.2,-78.9,40,4.3
1954-01-23,04:30:00.000,-9.2,-78.9,40,4.6
1954-01-26,06:10:00.000,-12,-76.9,90,4.3
1954-02-12,10:08:46.000,-17.5,-70,120,5.1
1954-02-13,02:00:00.000,-6.8,-76.8,30,4.3
1954-02-16,02:30:00.000,-13.6,-76.6,80,4.2
1954-02-26,10:51:00.000,-12,-76.5,30,3.1
1954-02-28,06:15:00.000,-16.7,-71.45,15,3.6
1954-03-01,22:13:00.000,-12,-76.5,30,3.1
1954-03-21,16:12:00.000,-16.67,-71.5,40,3.7
1954-03-22,22:50:00.000,-17.4,-70.5,30,4
1954-03-24,01:00:00.000,-9.2,-78.9,40,4.1
1954-04-07,17:51:00.000,-13.6,-72.3,30,3.9
1954-04-09,06:17:37.000,-15,-69.5,223,4.7
1954-04-19,05:15:00.000,-16.77,-71.4,25,3.9
1954-04-19,11:30:00.000,-17,-71.2,30,3.8
1954-04-19,14:20:00.000,-16.77,-71.4,25,3.9
1954-05-03,22:05:00.000,-16.7,-71.45,35,3.4
1954-05-05,08:40:00.000,-13.55,-71.97,30,3
1954-05-06,19:58:00.000,-12.4,-77.5,40,4.1
1954-05-09,15:26:00.000,-5.8,-77.3,30,3.9
1954-05-10,14:40:00.000,-17.4,-70.5,30,3.6
1954-05-12,02:50:00.000,-12,-76.8,90,5
1954-05-18,15:45:00.000,-9.2,-78.9,40,4.6
1954-05-21,00:59:00.000,-16.45,-71.75,25,4.2
1954-05-21,01:09:00.000,-16.75,-71.4,30,3.4
1954-05-25,00:20:00.000,-16.25,-71.8,15,4.6
1954-05-29,12:11:37.000,-12,-68,0,5.7
1954-05-29,18:30:00.000,-16.25,-71.9,15,3.9
1954-05-30,05:28:00.000,-16.25,-71.9,40,3.4
1954-06-02,02:15:00.000,-13.5,-72.7,25,4.1
1954-06-12,07:54:00.000,-16.65,-71.5,25,3.9
1954-06-15,13:29:59.000,-6.233,-77.077,100,6.6
1954-06-30,05:30:00.000,-16.67,-71.4,30,3.3
1954-07-05,16:37:00.000,-12.4,-77.5,40,4.1
1954-07-07,20:44:00.000,-12.3,-77.5,30,4.3
1954-07-08,09:00:00.000,-8.44,-77.52,25,3.7
1954-07-08,14:22:00.000,-16.67,-71.4,30,3.3
1954-07-10,05:20:00.000,-16.6,-71.6,15,4.6
1954-07-13,21:54:00.000,-15.9,-73.2,20,4.4
1954-07-22,10:42:00.000,-12.3,-77.5,30,3.9
1954-08-02,07:00:00.000,-16.25,-71.8,30,3.3
1954-08-04,09:35:00.000,-16.25,-71.8,30,3.3
1954-08-07,09:37:24.000,-18.5,-69,140,6.2
1954-08-07,20:10:00.000,-13.5,-71.2,15,3.8
1954-08-14,23:30:00.000,-11.5,-77.9,40,4.3
1954-08-29,08:30:00.000,-13.2,-77.4,30,4.7
1954-08-31,16:56:00.000,-12.3,-77.5,40,4.2
1954-09-19,18:45:00.000,-13.6,-76.6,80,4.7
1954-09-20,14:34:00.000,-11.803,-77.362,40,4.8
1954-09-26,01:35:00.000,-16.6,-71.45,30,3.2
1954-09-26,09:00:00.000,-10.9,-78.1,40,4.2
1954-10-02,23:23:00.000,-11.95,-77.6,40,4.3
1954-10-08,07:41:00.000,-5.95,-77,100,5
1954-10-15,03:36:00.000,-12.3,-77.5,40,4.2
1954-10-20,11:12:00.000,-17.4,-70.5,30,3.1
1954-10-26,15:00:00.000,-14.3,-75.8,80,4.6
1954-11-07,09:47:00.000,-16.6,-71.45,30,3.2
1954-11-09,21:45:00.000,-16.4,-71.8,30,3.3
1954-11-12,06:30:00.000,-16.4,-71.8,30,4
1954-12-03,18:46:00.000,-12.3,-77.5,40,4
1954-12-05,07:28:00.000,-16.28,-71.7,30,4.1
1954-12-07,11:10:00.000,-12.3,-77.5,40,4.3
1954-12-12,23:48:00.000,-12.4,-77.5,40,4.1
1954-12-17,21:00:00.000,-5.6,-80.3,90,4.8
1954-12-19,09:00:00.000,-16.28,-71.7,30,3.2
1954-12-19,10:25:00.000,-17.1,-71.15,30,3.9
1954-12-26,08:15:00.000,-8.69,-77.25,20,3.8
1954-12-28,17:00:00.000,-16.5,-71.66,20,4.4
1954-12-31,18:29:00.000,-12.4,-77.5,40,4.1
1955-01-01,17:30:00.000,-12.4,-77.5,40,4.1
1955-01-03,18:41:57.000,-15,-75.4,64,5.9
1955-01-08,03:00:00.000,-14.4,-71.49,25,3.8
1955-01-08,07:00:00.000,-14.4,-71.49,30,3.2
1955-02-16,16:30:00.000,-11.5,-77.8,40,3.7
1955-02-17,08:48:34.000,-4,-79,0,5.7
1955-02-17,16:06:00.000,-12,-76.5,30,3.1
1955-02-20,12:20:00.000,-13.5,-71.2,15,3.8
1955-02-28,00:36:00.000,-12,-76.5,30,3.1
1955-03-09,13:20:00.000,-12.1,-76.8,90,4.8
1955-03-10,23:19:00.000,-12.7,-77.5,40,4.3
1955-03-15,06:25:00.000,-9.2,-78.9,40,4.9
1955-03-16,09:30:00.000,-16.25,-71.8,30,3.6
1955-03-21,04:50:00.000,-16.25,-71.8,30,3.8
1955-04-19,09:59:00.000,-4,-80.7,30,4.2
1955-04-25,00:24:00.000,-7.1,-80.4,30,4.7
1955-05-02,02:57:00.000,-12,-76.5,30,3.3
1955-05-04,17:00:00.000,-4.4,-81.5,30,4.1
1955-05-23,13:30:00.000,-16.25,-71.8,30,3.8
1955-06-03,17:33:00.000,-12.4,-77.5,40,4.6
1955-06-12,14:51:00.000,-11.73,-76.66,30,3.8
1955-06-20,02:00:00.000,-13.5,-72,20,4.1
1955-06-23,17:30:00.000,-7,-80.5,40,4.2
1955-07-02,19:50:00.000,-16.2,-71.9,40,3.4
1955-07-05,08:46:00.000,-12.4,-77.5,30,4
1955-07-05,17:14:00.000,-12.1,-76.8,90,4.6
1955-07-06,00:45:00.000,-12.4,-77.4,40,4
1955-07-16,13:31:43.000,-14,-78.5,50,5
1955-07-21,11:45:40.000,-15.4,-74,60,6.8
1955-08-04,17:26:00.000,-9.2,-78.9,40,4.3
1955-08-19,16:28:50.000,-9,-71,650,5.7
1955-08-20,18:32:00.000,-11.5,-75,30,4.2
1955-08-27,02:49:00.000,-17.2,-70.9,25,4.1
1955-08-29,09:45:00.000,-14.3,-75.8,80,4.6
1955-08-29,11:15:00.000,-14.3,-75.8,80,4.3
1955-08-30,11:57:00.000,-12.05,-76.6,30,3.5
1955-08-31,10:20:00.000,-11.73,-76.66,30,3.1
1955-09-06,19:00:00.000,-11.73,-76.66,30,3.4
1955-09-12,02:52:00.000,-8.9,-75.7,30,4.3
1955-09-13,22:15:00.000,-12,-76.5,30,4
1955-10-09,21:03:00.000,-15.122,-73.029,25,4.6
1955-10-28,10:32:00.000,-11.295,-76.608,30,4
1955-11-05,15:30:00.000,-16.6,-71.7,30,3.3
1955-11-07,19:57:00.000,-12.1,-76.7,90,4.5
1955-11-11,08:50:00.000,-16.6,-71.7,30,3.3
1955-11-26,20:40:00.000,-7,-80.5,40,4.8
1955-12-08,10:00:00.000,-16.6,-71.7,30,3.8
1955-12-14,20:50:00.000,-4.4,-81.6,30,4.5
1955-12-22,11:17:00.000,-12.4,-77.5,30,4
1956-01-08,20:54:13.000,-19,-70,11,7.1
1956-02-18,10:24:20.000,-5,-79.5,33,5.3
1956-03-22,06:33:55.000,-3.531,-78.849,35,6.5
1956-05-03,02:11:17.000,-16,-74,0,5.5
1956-05-15,12:32:59.000,-6,-82,33,5.2
1956-05-17,05:59:57.000,-16.5,-72,60,5.3
1956-06-10,15:19:40.000,-18,-74.5,33,5.1
1956-08-17,05:53:25.000,-5,-80,0,5
1956-09-29,11:31:40.000,-12,-78,33,2.8
1956-10-12,02:37:44.000,-15.5,-75.28,0,6.5
1956-10-29,15:42:08.000,-8.5,-77,60,6.4
1956-11-25,14:15:10.000,-17,-71.5,100,5.2
1956-12-01,21:24:54.000,-17.5,-72.5,33,5.6
1957-01-15,04:09:15.000,-2,-76.5,100,5.6
1957-01-24,07:16:29.000,-12.5,-78,0,6.3
1957-02-18,23:49:52.000,-11.4,-76.9,90,6.6
1957-02-21,20:04:47.000,-15.75,-75.75,33,4.8
1957-05-19,05:19:32.000,-13.75,-76.75,33,4
1957-08-01,12:46:23.000,-18,-70,150,4.7
1957-08-07,08:49:24.000,-5,-81,0,5.3
1957-10-01,23:20:50.000,-7,-74,100,5.8
1957-10-20,02:54:48.000,-14.5,-76,100,3.9
1957-11-28,03:07:55.000,-10,-75.5,100,5.8
1957-12-15,22:18:25.000,-14.5,-73,200,5.2
1958-01-15,19:14:29.000,-16.5,-72,60,7
1958-02-21,03:18:25.000,-16,-74.5,33,5.2
1958-03-01,09:05:40.000,-13.5,-76.5,0,7
1958-04-21,12:15:28.000,-8,-74,150,5.5
1958-04-28,11:47:40.000,-11,-74,0,6.5
1958-05-12,21:12:16.000,-6.5,-75.5,150,5.6
1958-05-25,21:11:45.000,-3,-77,29,6.5
1958-05-26,08:49:47.000,-3,-77,27,5.6
1958-06-08,15:52:23.000,-16,-75,33,5.1
1958-06-16,14:56:58.000,-7.5,-80,33,4.9
1958-06-29,03:25:42.000,-15.5,-70.5,150,6.5
1958-07-26,17:37:09.000,-13.5,-69.5,630,7.3
1958-07-26,18:04:42.000,-12.5,-68,650,5.6
1958-09-18,21:24:42.000,-9.5,-80,33,5.1
1958-12-19,11:14:40.000,-16,-72,100,5.2
1959-01-03,04:15:47.000,-15,-75,33,5
1959-01-03,11:17:39.000,-14.84,-75.7,0,6.4
1959-01-13,19:06:40.000,-16.5,-71.5,150,5.4
1959-01-26,20:58:50.000,-4.5,-82.5,33,6
1959-02-07,09:36:54.000,-4.205,-81.112,40,7.4
1959-02-11,19:57:05.000,-4,-82.5,33,6.4
1959-04-03,19:33:50.000,-4,-81,33,4.9
1959-04-21,16:36:42.000,-18.5,-71.5,33,5.2
1959-04-25,20:33:36.000,-8,-76,100,4.8
1959-05-05,05:30:15.000,-9,-78.5,33,4.5
1959-06-13,22:16:24.000,-17,-72.5,33,5.8
1959-06-22,03:22:51.000,-4,-81,33,5.4
1959-07-01,10:32:29.000,-16.5,-69.5,200,4.9
1959-07-06,08:28:20.000,-15.5,-75,33,4.3
1959-07-19,15:06:10.000,-15,-70.5,200,7.1
1959-08-15,18:28:57.000,-8,-79.5,33,5.1
1959-08-28,07:19:12.000,-9,-75,100,5.5
1959-10-13,20:52:25.000,-9,-79.5,33,5
1959-12-02,07:02:52.000,-9,-80,33,4.4
